platform,creative_id,CTR,CVR,CPI
TikTok,C,0.030255857812318154,0.4049733235864079,1.435035748860248
